submission_id,default_score,default_positives,default_negatives,new_score,new_positives,new_negatives,user_score
4a986978-3151-4c36-87bd-bdd9c5283560,7.0,The student correctly identifies the economic condition of Country X as a recession and provides three valid reasons that contribute to this economic condition.,"""The analysis provided could be more comprehensive and insightful by connecting the reasons to economic concepts and the case study. Elaboration on how each identified reason affects the economic condition could be more detailed and supported with specific examples or data.""",6.0,Quote: 'Country X is going through a recession because of a big problem with its housing market...',"[""1. In 'The profits are low and they are unable to pay salary and wages.', include the concept of business investment. Revise to: 'The profits are low, hindering business investment and leading to concerns about paying salaries and wages.' This would show a deeper understanding of the impact on businesses."", ""2. In 'The government and the central bank tried to fix things by increasing interest rates and cutting down government spendings, but that didn't work well and it made the situation even worse.', add a mention of the unintended consequences of tight monetary and contractionary fiscal policies. Revise to: 'The government and the central bank tried to fix things by increasing interest rates and cutting down government spendings, but the unintended consequences of these policies worsened the situation.' This addition would show a better grasp of economic policy effects."", ""3. The answer lacks data or specific examples to support the reasoning provided. Adding specific data or examples would strengthen the analysis.""]",7
7ca65a35-93d7-4197-9585-c64e287ba4da,10.0,"1. The student correctly identifies the economic condition of Country X as a recession.
2. The student provides three valid reasons contributing to the economic condition: Housing Market Bubble, Decreased Consumer Confidence, and Businesses' Financial Struggles.
3. The analysis is comprehensive, insightful, and well-connected to economic concepts and the case study, explaining the impacts of each reason.
4. The elaboration on each identified reason is detailed and thorough, providing specific examples and linking them to the economic condition.
5. The response is well-structured, clear, and logically organized, making it easy to follow.","""""",10.0,"In their response, the student effectively identifies the economic condition of Country X as a recession and provides three solid reasons with detailed analysis and examples.",[],9
af2b1226-ea24-483c-9904-0f328d65bfde,8.0,"The student correctly identified the economic condition of Country X as being a recession. The student provided three valid reasons contributing to the economic condition, which are the Housing Market Bubble, Consumer Confidence Decline, and Business Constraints. The answers are well-structured, clear, and logically organized, making it easy to understand.","""The analysis provided lacks some depth, as it could benefit from further connection to economic concepts and the case study. The elaboration on how each reason affects the economic condition could be more detailed and include specific examples or data to strengthen the explanation.""",9.0,Good identification of the economic condition and three valid reasons stated with detailed elaboration.,"""None""",6
8ee1bc45-c276-4e14-8810-3729322d2adc,8.0,"The student correctly identifies the economic condition of Country X as a recession and provides three valid reasons contributing to the economic condition. The response is well-structured, clear, and logically organized.","""The analysis provided lacks depth in some areas, especially in elaborating on the impact of inflation and the central bank's actions. The connection to economic concepts and the case study could be more explicit and detailed.""",6.0,Quote: 'A recession is a slowdown or a massive contraction in economic activities. A significant fall in spending generally leads to a recession' - This effectively demonstrates the understanding of the term 'recession'.,"""1. In 'Second one is the inflation...' section, add the concept of demand-pull inflation. Revise to: 'It is characterized by increasing consumer demand outstripping supply...' This would show a deeper understanding of the specific type of inflation contributing to the economic downturn.""",7
b7da9291-7980-4d53-a885-ed60d81a3754,8.0,The student correctly identifies the economic condition of Country X as a recession and provides three valid reasons contributing to this condition. The answer shows a good level of detail and connects the reasons to economic concepts and the case study. The student also elaborates on how each reason affects the economic condition with specific examples.,"""The answer lacks a bit of depth in the analysis, missing some critical insights about the impact of the reasons provided that contribute to the economic condition. Additionally, while the response is clear and well-structured, a bit more elaboration and connection to economic concepts could further enhance the analysis.""",9.0,The student effectively identifies the economic condition of Country X as a recession and provides detailed reasons supported by the case study.,"""1. In 'The government's efforts to stabilize the economy by cutting public spending and raising taxes...' - Add more insights on the impact of fiscal policies on economic conditions. Revise to: 'The government's efforts to stabilize the economy by cutting public spending and raising taxes, leading to a decrease in aggregate demand which further contributed to the economic downturn...' This would show a deeper understanding of the impact of fiscal policies.""",6
24fb9c3e-ff02-4c09-b59a-daea712cea2d,0.0,Error processing response,Expecting property name enclosed in double quotes: line 2 column 5 (char 6),7.0,Quote: 'Country X is currently going through recession. The 3 main reasons for this could be noted as...' - This effectively identifies the economic condition and provides three valid reasons.,"[""In 'While there was a demand for land, both landlords providing land and mortages at a very high rate/interest.'..."", ""In 'However, since the neighbouring countries were going through recession themselves, the prices of basic necessities increased which lead to a loss of import by country X which in return lead to an increase of cost and demand for basic necessities.'..."", ""In 'The government of Country X has applied contractionary fiscal policies by cutting down public spending and raising taxes for the public in order to manage budget deficits. Although this was done with good intentions such as stabilizing the economy, they also had an unintended consequence of dampening economic growth and causing a financial imbalance.'...""]",6
207b5e71-a9b4-49d9-a776-2848f5d85a18,8.0,"The student correctly identifies the economic condition of Country X as a recession and provides three valid reasons contributing to it. The response is well-structured, clear, and logically organized.","""1. Analysis: The analysis provided lacks depth and could benefit from a deeper and more insightful connection to economic concepts and the case study. More critical insights linking the reasons to the economic condition could enhance the answer. 2. Elaboration of the Reason: While the reasons are identified, more detailed and specific examples or data could be included to strengthen the explanation of how each reason affects the economic condition.""",9.0,"Quote: 'These events indicate the occurrence of a recession as the housing sector, a significant contributor to the economy, has deteriorated.' - This effectively demonstrates understanding of how the housing market collapse contributes to the recession.","""1. In 'Consumers confident decline' - Add the concept of 'consumer spending' to clarify the impact. Revise to: 'Consumers are less confident in spending...', which would show a clearer connection to economic impact.""",6
70428b94-2a47-43c5-91fe-ebf780f13c7e,9.0,"The student correctly identifies the economic condition of Country X as a recession and provides three valid reasons contributing to this economic condition. The answer is well-structured and logically organized, making it easy to follow.","""While there is comprehensive analysis provided for the reasons, a bit more depth could be added to fully connect the answers to economic concepts and the case study. Some additional specific examples or data could enhance the elaboration further.""",10.0,"In Country X, there is an ongoing recession characterized by a significant decline in economic growth effectively demonstrates the identification of the economic condition.","""""",6
7a367771-e86d-4762-8855-d92ca1116a04,5.0,The student correctly identifies the economic condition of Country X as a recession. The answer provides three reasons to support the economic condition. The response is structured and organized.,"""The analysis lacks depth and fails to connect the reasons provided to economic concepts or the case study. Elaboration on how each reason affects the economic condition is insufficient. Some information provided is inaccurate or unrelated to the context.""",6.0,Quote: 'Country X is obviously going through a recession.' - This effectively demonstrates the student correctly identifies the economic condition,"""1. In '1. Housing market collapse', add the concept of 'wealth effect'. Revise to: 'The housing market collapse led to a decrease in consumer wealth, triggering a decline in consumer spending due to the wealth effect.' This would show a deeper understanding of the impact of the housing market collapse""",7
c1684b3c-4fee-435b-8394-615595a016cf,10.0,"1. The student correctly identifies the economic condition of Country X as a recession. This meets the requirement of the rubric for the identification of the economic condition. 2. The student provides three valid reasons contributing to the economic condition: debt burden and housing market collapse, consumer confidence and high inflation, and business uncertainty and lack of expansion. 3. The analysis is comprehensive and insightful, connecting the reasons to economic concepts and the case study. The student explains how each reason impacts the economic condition with detailed examples. 4. The overall presentation is well-structured, clear, and logically organized, making it easy to understand.","""""",9.0,Quote: 'The economy of Country X is in recession. Here are three arguments in favour of my response:...' - This effectively introduces the current economic condition and the reasons supporting it.,"""None""",7
254d183a-2d0a-4639-8147-f64803c10f99,0.0,Error processing response,Expecting property name enclosed in double quotes: line 2 column 5 (char 6),7.0,"In their response, the student effectively identifies the economic condition of Country X as a recession and provides three valid reasons supporting their answer.","""1. In 'As businesses are not expanding...' - The response lacks a connection to the economic concept of 'business confidence' which plays a crucial role in economic downturns. Revise to: 'As businesses are not expanding and confidence is low...' This would show a deeper understanding of the impact of business sentiment.""",6
61d02ba3-1b1b-4196-9d4f-e2e0d8267259,6.0,The student correctly identifies the economic condition of Country X as a recession and provides three valid reasons that contribute to the economic condition.,"""While the student has identified three reasons for the recession, the analysis, elaboration, and overall presentation of the reasons are lacking in depth and detail. The response could benefit from a more thorough examination of economic concepts and specific examples to strengthen the analysis.""",6.0,Quote: 'This is the major reason for the recession in country X where the housing market crashed...' - This effectively identifies the impact of the housing market bubble on the recession.,"""1. In 'people lost their money and became financially weak making them spend less money', add the concept of 'income effect'. Revise to: 'people lost their money and became financially weak, reducing their disposable income and causing them to spend less money'. This would show a deeper understanding of how income changes affect spending.""",4
1704f8d9-4dfc-4985-9cb4-8a08bff76a78,0.0,Error processing response,Expecting property name enclosed in double quotes: line 2 column 5 (char 6),7.0,Quote: 'Country X is going through a recession as mentioned in the transcript.' - This effectively identifies the economic condition,"[""1. In the statement 'The lack of business growth worsens the economic crisis due to increased unemployment...' - Add the concept of 'aggregate demand'"", ""2. In the part 'This could have increased the financial burden of the investors.' - Add the concept of 'wealth effect'"", ""3. In the sentence 'The increase in prices due to recession in those countries would add up to the economic crisis in Country X...' - Add the theory of 'import dependencies'""]",5
c7b296bb-d7de-43ae-b478-75ebe592d716,6.0,"The student correctly identifies the economic condition of Country X as a recession. The answer is clear and easy to follow. The student provides reasons that contribute to the economic condition, albeit with some shortcomings.","""The analysis provided by the student is lacking in depth. The elaboration of reasons is general and lacks specific examples or data to support the points made. The response could benefit from a more thorough connection to economic concepts and the case study.""",4.0,"Quote: 'The country X is going through a recession, here are the 3 reasons to support this:-' - This effectively demonstrates the identification of the economic condition.","""1. In 'Since the neighbouring countries are also going through a recession and X depends on them for supplies, it will lead to higher prices and that will cause recession.' - The student needs to incorporate the concept of trade interdependence. Revise to: 'Since Country X heavily relies on imports from its neighboring countries, the recession in those countries has resulted in higher import prices, leading to economic strain in Country X.' This would show a deeper understanding of how trade interdependence impacts Country X's economy.""",4
6752dc87-fcc2-4eff-bcd1-e75157844065,8.0,"The answer correctly identifies the economic condition of Country X as a recession. The student provides three valid reasons that contribute to the economic condition with insightful analysis connecting to economic concepts and the case study. The answer presents detailed elaboration on how each identified reason affects the economic condition with specific examples or data where appropriate. The response is well-structured, clear, and logically organized, making it easy to understand.","""While the answer covers the essential aspects of the question, there could have been more in-depth analysis linking the reasons to economic concepts. Providing more explicit connections to economic theories or frameworks would enhance the analysis further. Additionally, the answer could benefit from a more explicit explanation of the impact of each reason on the recession in Country X.""",8.0,Quote: 'Country X is facing recession...' - This effectively identifies the economic condition of Country X,"""1. In 'Consumer confidence has plummeted in Country X due to various factors, including high inflation rates and rumors of job losses.', add a deeper analysis connecting to economics concepts. Revise to: 'Consumer confidence has plummeted in Country X due to high inflation rates and rumors of job losses, leading to a decrease in consumer spending. This decrease in spending can be linked to the concept of [exact concept]...' This would show a deeper understanding of economic concepts.""",6
0b6f113a-f5b8-41d4-a24d-36e1037dbc3c,0.0,Error processing response,Expecting property name enclosed in double quotes: line 2 column 5 (char 6),6.0,Quote: 'Country 3 is going through recession. Here's how...',"""1. In 'The prices of goods were at an all-time high which led to fear amongst people...', consider explaining the concept of 'consumer confidence' to enhance the analysis. Revise to: 'The prices of goods were at an all-time high, causing a significant decline in consumer confidence. This fear...' This would show a deeper understanding of consumer behavior during a recession.""",6
7338416d-b477-457f-babf-9b27e1b70b6e,10.0,The student's answer meets all the criteria of the rubric excellently.,"""""",10.0,"Student mentions the bursting of the housing market bubble, declining consumer confidence, and external trade challenges. This effectively covers the reasons for Country X's economic downturn.","""""",8
f4f7366a-06d0-4a79-b790-e3343767db3c,7.0,"The student correctly identifies the economic condition of Country X as a recession and provides three valid reasons supporting this conclusion. The answers are well-structured, clear, and logically organized.","""The analysis could be more comprehensive by delving deeper into the economic concepts and linking them more closely to the case study. Some elaboration on the impact of each reason could be more detailed with specific examples or data.""",8.0,"Quote: 'During the pre-recession period, Country X experienced a housing market bubble...' - This effectively demonstrates the impact of housing market dynamics on the recession.","""1. In 'Due to the economic uncertainty in Country X...' add the concept of 'Aggregate Demand'. Revise to: 'Due to the economic uncertainty in Country X, there was a decline in consumer confidence and spending, leading to a decrease in Aggregate Demand.' This would show a deeper understanding of the impact on overall economic activity. 2. In 'Country X was heavily dependent on neighboring countries for important goods...' incorporate the concept of 'Terms of Trade'. Revise to: 'Country X was heavily dependent on neighboring countries for important goods, and the unfavorable Terms of Trade exacerbated the strain on its economy.' This would enhance the economic analysis provided. 3. Add more specific examples or data to elaborate on how each reason affects the economic condition for more thorough elaboration.""",6
e9ad02a6-f344-47e8-b174-203af62bd783,0.0,Error processing response,Expecting property name enclosed in double quotes: line 2 column 5 (char 6),9.0,"In 'indicating a recession,' - This effectively demonstrates the identification of the economic condition of Country X.","""1. In 'Country X experienced a housing market bubble, due to skyrocketing property prices and a surge in mortgage lending', add the concept of 'malinvestment'. Revise to: 'Country X experienced a malinvestment in the housing market due to skyrocketing property prices and a surge in mortgage lending'. This would show a deeper understanding of the cause-effect relationship between the bubble and the recession.""",6
bffff659-176b-493f-b632-a9a936f97556,8.0,"The student correctly identifies that Country X is undergoing a recession. The student provides three valid reasons contributing to the economic condition. The reasons include the housing market bubble, consumer confidence, and dependence on neighboring countries for goods. The response is well-structured, clear, and logically organized.","""The analysis could be more comprehensive and insightful, connecting the reasons to economic concepts and the case study in more depth. Elaboration on how each identified reason specifically affects the economic condition could be more detailed with specific examples or data.""",6.0,Quote: 'Increment in housing prices. The property prices went skyrocketing during the pre-recession process...' - This effectively demonstrates an understanding of the housing market bubble and its impact on the recession.,"""1. In 'Businessmen were not expanding their businesses because of the deficiency of money.', add the concept of 'business confidence'. Revise to: 'Businessmen were not expanding their businesses due to low profits, high uncertainty, and low business confidence.' This would show a deeper understanding of how business decisions influence the economy.""",6
29da7212-8879-488e-80ff-20dee5d7b143,9.0,"The student correctly identified the economic condition of Country X as a recession. The answer includes three valid reasons that contribute to the economic condition with good analysis connecting the reasons to economics concepts and the case study. The student also elaborated on each reason with specific examples, providing a detailed explanation of how they affect the economic condition. The response is well-structured, clear, and logically organized.","""""",10.0,"In the student's words, 'Country X faces a recession due to several interconnected factors.' - This effectively demonstrates a clear understanding of the economic situation and its complexity.","""""",6
f2ac99d4-d666-4bd5-837d-bacd317a6cac,0.0,Error processing response,Expecting property name enclosed in double quotes: line 2 column 5 (char 6),9.0,Quote: 'This is evident due to several reasons: **Housing Market Collapse**...' - The student effectively identifies various reasons contributing to the recession with detailed explanations.,"""1. In 'Business Aversion to Expansion and High Unemployment: Businesses in Country X are reluctant to expand due to low profits and financial constraints...' - The answer lacks a specific economic concept related to business behavior in economic downturns. Revise to: 'Business Aversion to Expansion and High Unemployment: Businesses in Country X are facing a situation of reduced aggregate demand and contractionary pressures, leading to a phenomenon known as 'demand-side recession.' This indicates...' This revision would show a deeper understanding of the concept of demand-side recession.""",6
68c7ab2a-c64f-4f3b-9524-f9df55f4a6e9,8.0,The student correctly identifies the economic condition of Country X as a recession. The reasons provided are relevant and well-connected to the economic downturn described in the scenario. The explanations show a good understanding of how each reason contributes to the recession. The overall presentation is clear and logically organized.,"""The analysis could have been more comprehensive by delving deeper into economic concepts related to the case study. While the reasons are well-elaborated, more specific examples or data could have been included to strengthen the explanations further.""",9.0,Quote: 'Investment Bubble Burst: One major factor behind the recession in the country is the bursting of an investment bubble.' - This effectively identifies one of the key reasons contributing to the economic downturn.,"""None""",6
1114902e-148a-4914-ac9b-451563357f79,5.0,The student correctly identifies the economic condition of Country X as a recession. The response is clear and easy to follow.,"""The answer falls short in identifying three valid reasons contributing to the economic condition. It lacks in-depth analysis, specific examples, and detailed elaboration of how the identified reasons are impacting the economy of Country X. The response also does not connect the answer to economic concepts or the case study.""",5.0,Quote: 'The country X is currently going through a recession' - This effectively identifies the economic condition,"""1. In '...the government is taking measures to manage budget deficits.', add identification of specific reasons causing the recession. Revise to: 'The country X is currently going through a recession due to [specific reasons], and the government is taking measures to manage budget deficits.' This would show a deeper understanding of the factors contributing to the recession.""",0
d89d7b66-b7fd-46fe-af9f-a97947ad0a8f,10.0,"1. The student correctly identifies the economic condition of Country X as a recession. 
2. The student provides three valid reasons contributing to the economic downturn: housing market collapse and debt burden, consumer confidence and high inflation, dependence on neighboring countries and trade disruptions.
3. The analysis connects the reasons to economic concepts and the case study, showing a comprehensive understanding of how each factor impacts the economy.
4. The elaboration on each reason is detailed and supported by examples from the case study, showcasing a thorough understanding of the factors affecting Country X's economy.
5. The response is well-structured, clear, and logically organized, making it easy to follow.","""""",10.0,The student effectively identifies the economic condition as a recession and provides three solid reasons supporting the answer.,"""""",6
9fc79ac2-56ec-4718-9811-08bbdf5227f5,7.0,"The student correctly identifies the economic condition of Country X as a recession. The answer provides three valid reasons contributing to the recession, including the housing market collapse, dependency on neighboring countries, and the government's contractionary fiscal policies. The response is clear and logically organized.","""The analysis could be more comprehensive, with deeper insights connecting the reasons to economic concepts and the case study. Elaboration on each reason could be more detailed with specific examples or data to strengthen the explanation.""",7.0,Quote: 'Country X is facing a recession as this economic downturn has lasted for several quarters in their country.' - This effectively demonstrates the identification of the economic condition.,"""1. In 'The housing market eventually collapsed and this led to a wave of foreclosures'... Add the concept of 'credit crunch'. Revise to: 'The housing market eventually collapsed due to a wave of foreclosures, leading to a credit crunch and a sharp decline in the construction industry, thereby contributing to the recession.' This would show a deeper understanding of the financial impact.""",6
036925f3-16f3-4f23-96e8-d1714e0244c1,8.0,"The student correctly identifies the economic condition of Country X as a recession and provides three valid reasons contributing to the economic condition. The analysis provided connects the reasons to economic concepts and the case study to a significant extent. The response is well-structured and logically organized, making it easy to understand.","""The elaboration of each reason could have been more detailed and supported by specific examples or data to enhance the depth of understanding. The analysis, while insightful, could have delved deeper into the economic impacts of each reason. Some areas could benefit from further elaboration.""",9.0,"Quote: 'The collapse of the housing market, following a bubble with soaring property prices and excessive mortgage lending, led to foreclosures, debt burdens, and a sharp decline in construction activity.' - This effectively demonstrates the impact of the housing market bubble burst on the economy.","""None""",5
54ebbc7a-7e36-40ec-9e4c-959068d3f572,8.0,The answer correctly identifies the economic condition of Country X as a recession. It provides three valid reasons contributing to the recession with some analysis connecting to economic concepts and the case study. The answer also includes detailed elaboration on how each reason affects the economic condition.,"""The analysis provided could benefit from deeper insights and more explicit connections to economic concepts and the case study. The overall presentation is clear and logically organized but may slightly improve in terms of providing a more thorough analysis.""",10.0,"Quote: 'Country X has experienced a housing market bubble, with skyrocketing property prices and surge in mortgage lending, during pre-recession period. [...] led to a wave of foreclosures, massive debt burdens, and a sharp decline in the construction industry, thereby contributing to the recession.' - This effectively demonstrates the impact of the housing market bubble on the recession.","""""",6
9e7b2139-32a4-4ee8-9363-f48ce6bab30b,9.0,The student accurately identifies the economic condition of Country X as a recession and provides three valid reasons that contribute to this condition. The analysis is insightful and connects the reasons to economic concepts and the case study. Elaboration on each reason is detailed and supported by examples.,"""The response could benefit from slightly deeper analysis in connecting some reasons to the case study and economic concepts. The overall presentation is clear and logically organized, but there is room for further enhancement in linking all reasons more explicitly to economic theories.""",9.0,Quote: 'Country X is experiencing a recession. Three reasons to support this answer are: ...' - This effectively identifies the economic condition and provides good reasons with detailed elaboration.,"""""",6
9bd43a0f-2f98-4927-af0c-4c60574bd937,5.0,"The student correctly identifies the economic condition of Country X as a recession. The response is well-structured and clear, making it easy to follow. The answer provides some level of analysis connecting the reasons to economic concepts.","""The answer lacks specific elaboration with detailed examples or data to support the identified reasons. There is a need for deeper analysis connecting the identified reasons to the case study provided. Some reasons could be more explicitly linked to the economic situation of Country X.""",7.0,Quote: 'The root cause of the problem seems to be the housing market bubble.' - This effectively shows the understanding of a key reason behind the economic downturn.,"""1. In 'People's purchasing power decreased, and so did the demand for goods and services...', elaborate on the concept of demand and its impact on the economy. Revise to: 'People's purchasing power decreased, leading to a decrease in demand for goods and services. This drop in demand further exacerbated the economic downturn.' This would show a deeper understanding of the concept of demand and its influence on the economy.""",6
548964d5-af85-4a2b-8c9a-5fcb295defc9,10.0,"The student's answer is comprehensive and addresses all aspects of the question effectively. Each reason is well explained with relevant details and examples. The analysis provided is insightful and connects the reasons to economic concepts and the case study. The response is well-structured, clear, and logically organized, making it easy to follow.","""""",10.0,Quote: 'The Deflation of the Housing Market Bubble: [student's exact words]' - This effectively demonstrates the impact of housing market dynamics on the economy.,"""""",7
4ae753d8-f5fa-4505-85dc-7f7cfa649e6e,10.0,"1. The student correctly identifies the economic condition of Country X as a severe economic recession, meeting the criteria for the Identification of Economic Condition.
2. The student successfully identifies three valid reasons contributing to the economic condition: bursting of the housing market bubble, eroding consumer confidence, and external economic dependencies, meeting the criteria for Identification of Reasons.
3. The analysis provided is comprehensive and insightful, connecting each reason to economic concepts and the case study, demonstrating a deep understanding of the impact of each factor on the economic condition of Country X.
4. The elaboration on each identified reason is detailed and thorough, providing specific examples and data where appropriate, effectively explaining how each reason affects the economic condition of Country X.
5. The response is well-structured, clear, and logically organized, making it easy to understand, meeting the criterion for Overall Presentation.","""""",9.0,Quote: 'Country X is currently experiencing a severe economic recession...' - The student effectively identifies the economic condition and provides detailed reasons supporting it.,"""None""",10
ef9d74c2-35db-429b-b946-2b74dda4cfb6,7.0,"The student correctly identified the economic condition of Country X as a recession. The reasons provided include the housing market collapse, falling consumer confidence, and the impact of tight monetary and fiscal policies. The student also attempts to discuss other contributing factors such as trade wars, political instability, and natural disasters.","""The student could enhance the depth of analysis by further connecting the reasons to economic concepts and the case study. While the reasons are briefly discussed, more detailed examples or data could strengthen the elaboration. Additionally, focusing more on the main three reasons provided and their impacts would improve the relevance of the response.""",8.0,"Quote: 'The housing market bubble in Country X collapsed, leading to a wave of foreclosures and a sharp decline in the construction industry.' - This effectively demonstrates the impact of a specific event on the economy.","""1. In 'These include:' section, add the concept of 'income inequality'. Revise to: 'Income inequality can exacerbate the recession in Country X...' This would show a deeper understanding of the socioeconomic factors at play.""",10
c03e6145-6c6a-4984-86a4-a2078a347fba,0.0,Error processing response,Expecting property name enclosed in double quotes: line 2 column 5 (char 6),8.0,"Quote: 'Country X is experiencing a recession, marked by a significant decline in economic growth and widespread negative impacts across various sectors. Three key reasons are:-' - This effectively identifies the economic condition and sets up the structure for discussing the reasons.","""No major negatives to address.""",8
80912f1a-1701-44f5-9593-7a3e484967a4,8.0,"The student correctly identifies the economic condition of Country X as a recession. The student provides three valid reasons contributing to the economic condition: the collapse of the housing market, a decline in consumer confidence, and the heavy dependence on neighbouring countries for goods.","""The analysis provided lacks depth in connecting the reasons to economic concepts and the case study. The elaboration on how each reason affects the economic condition could be more detailed, with specific examples or data to strengthen the explanation.""",9.0,"Quote: 'Country X is experiencing a recession. There are three main issues that are causing concern: the collapse of the housing market, a decline in consumer confidence, and the heavy dependence of Country X on neighbouring countries for goods.' - This effectively demonstrates the identification of the economic condition and provides three valid reasons.","""No negative feedback provided.""",6
81308f65-a07c-4ac0-b6e0-9aed76439741,10.0,"1. The student correctly identifies the economic condition of Country X as a recession along with providing detailed explanations for each reason. 2. The answer includes three valid reasons contributing to the economic condition, meeting the requirement of the evaluation criteria. 3. The student provides comprehensive analysis by connecting each reason to economic concepts and the case study. 4. Detailed elaboration is given for each identified reason with specific examples and data where appropriate. 5. The response is well-structured, clear, and logically organized, making it easy to understand.","""""",10.0,"Good coverage of essential reasons: 'Housing Market Crisis', 'Consumer Confidence and Inflation Concerns', 'Dependence on Neighboring Trade Partners', and 'Tight Monetary and Fiscal Policies' - This effectively demonstrates the student's understanding and ability to connect different economic concepts to the case study.","""""",8
2147a7d7-300c-42a5-91a8-d07f23b59c49,9.0,"The student correctly identifies the economic condition of Country X as a recession and provides three valid reasons contributing to the recession. The analysis connects the reasons to economic concepts and the case study, with detailed elaboration on each identified reason.","""While the student's answer is well-structured and clear, it could benefit from slightly more in-depth analysis in connecting the reasons to economic concepts. Providing specific examples or data to support the explanations could further enhance the response.""",6.0,Quote: 'Country X is going through a recession as mentioned in the transcript.' - This effectively demonstrates the identification of the economic condition as a recession.,"""1. In 'The lack of business growth worsens the economic crisis due to increased unemployment.'... add a more detailed economic concept like the relationship between investment and GDP. Revise to: 'The lack of business growth worsens the economic crisis through decreased investment, which is a crucial component of GDP.' This would show a deeper understanding of the impact of business stagnation on the overall economy.""",9
7c268c82-14d5-4032-b5d5-9894e5383f4d,6.0,"The response correctly identifies the economic condition of Country X as a recession. The student provides three valid reasons contributing to the economic condition. The answer attempts to connect reasons to economic concepts and the case study, and provides some specific examples.","""The analysis lacks depth and critical insights into the impact of the reasons provided. Elaboration on how each reason affects the economic condition could be more detailed and thorough. The response could be more well-structured and logically organized for better clarity.""",6.0,Quote: 'The reason for this recession are : 1) Housing market trouble... 2)The consumers... 3) There were rise in inflation...' - This effectively identifies valid reasons contributing to the economic condition.,"""1. In 'There is Recession negative balance between demand and supply in the country.', add the identification of Country X's economic condition. Revise to: 'Country X is currently experiencing a recession due to a negative balance between supply and demand.' This would show a clear identification of the economic condition. 2. In 'The consumers of the country started getting scared from the rumors of losing the jobs, started worrying about the scarcity of money.', add an economic concept such as consumer confidence. Revise to: 'The consumers in the country experienced a decline in confidence due to job loss fears and financial scarcity concerns, impacting spending behavior.' This revision shows the understanding of consumer confidence. 3. In 'There were rise in inflation where they are selling goods at a very expensive price in neighbouring country increasing interest rates and reducing the money supply .', elaborate further on how inflation in neighboring countries affects Country X. Add: 'This situation contributed to Country X facing higher inflation rates and stricter monetary policies, exacerbating its economic challenges.' This elaboration demonstrates a deeper connection between countries.""",7
ceb01cc4-bb81-4b29-a07c-8a97384772aa,0.0,Error processing response,Expecting property name enclosed in double quotes: line 2 column 5 (char 6),9.0,"In the response, the student effectively identifies the economic condition of Country X as a recession, provides insightful analysis connecting each reason to economic concepts and the case study, and elaborates on how each reason affects the economic condition.","""""",8
8d062f9e-5c83-41de-9fb1-68bf602298ec,9.0,"The student correctly identifies the economic condition of Country X as a recession and provides three valid reasons contributing to it. The analysis connects the reasons to economic concepts and the case study. The elaboration on each reason is detailed and includes specific examples or data. The overall presentation is clear, well-structured, and easy to follow.","""""",9.0,"Quote: 'Housing Market Crash: The housing market was on fire in Country X, with property prices soaring and mortgage lending going through the roof' - This effectively demonstrates the student's understanding of the housing market bubble.","""None""",10
81d28a97-3f20-415d-89e2-bdb0870f079b,9.0,"The student correctly identifies the economic condition of Country X as a recession and provides three valid reasons supporting this assessment, showing a good understanding of the case study and economic concepts. The analysis is insightful and demonstrates a clear connection to economics.","""The only minor area for improvement is providing slightly more detailed elaboration on how external economic challenges specifically impact Country X, including potential examples or data to strengthen the explanation.""",9.0,"Quote: 'These three factors—housing market collapse, consumer and business uncertainty, and external economic challenges—reflect the complex interplay of domestic and external factors contributing to the recession in Country X.' - This effectively demonstrates the student's ability to identify and elaborate on key reasons for Country X's economic downturn","""None""",10
1fbeefaa-b4c9-48f8-83a3-d6715f25d3ec,10.0,The student's answer fully meets all the criteria in the rubric. The identification of the economic condition as a recession is accurate. The reasons provided are relevant and well explained. The analysis connects the reasons to economic concepts and the case study effectively. The elaboration of each reason is detailed with specific examples. The overall presentation is clear and logically organized.,"""""",10.0,Quote: 'Country X is experiencing a recession.' - This effectively identifies the economic condition of Country X.,"""""",8
e7bfbce5-f2fa-4982-adbc-ae5f2281dde7,7.0,"The student correctly identifies the economic condition of Country X as a recession and provides three valid reasons contributing to the economic condition. The response is well-organized and clear, making it easy to understand.","""The analysis could be more comprehensive, connecting the reasons to economic concepts and the case study in more detail. Elaboration on how each reason affects the economic condition could be more specific with examples or data provided.""",0.0,Error processing response,Expecting ':' delimiter: line 7 column 329 (char 861),9
273f9ffe-5d8c-4419-8a7f-c08405ce6085,9.0,"The student has correctly identified the economic condition of Country X as a recession. The answer provides three valid reasons supporting the assessment. The analysis connects the reasons to economic concepts and the case study, showing a comprehensive understanding. The response is well-structured, clear, and logically organized.","""While the elaboration on the reasons is generally detailed and thorough, it could benefit from more specific examples or data to further enhance the explanation and strengthen the argument.""",9.0,Quote: 'Housing Market Collapse: The bursting of the housing market bubble has resulted in a significant downturn in Country X's economy.' - This effectively demonstrates the student's understanding of the impact of housing market collapse on the economy.,"""None""",9
4f374160-657d-4351-8759-b1d652ed6188,9.0,"The answer correctly identifies the economic condition of Country X as a recession. Three valid reasons contributing to the recession are provided with detailed explanations. The response is clear, well-structured, and logically organized, making it easy to understand.","""While the reasons are well-explained, the analysis could be further enhanced by linking the reasons to specific economic concepts and the case study. Adding more insights on the implications of each reason on the economy would strengthen the analysis and alignment with the provided rubric.""",9.0,The student effectively identifies the economic condition of Country X as a recession and provides three solid reasons supported by relevant details.,"""None""",8
6ced39d9-0ff4-46a1-8c49-14dd1b947d1f,7.0,"The student correctly identifies the economic condition of Country X as a recession. The response is well-structured, clear, and logically organized, making it easy to understand. The student provides detailed explanations for each identified reason, connecting them to the economic condition.","""The analysis could have been more comprehensive and insightful, connecting the reasons to economic concepts more deeply. Some explanations lack depth and specific examples to strengthen the points. The identification of reasons could have been more precise and detailed.""",7.0,"In the student's words, 'These were some reasons to conclude that Country X was going through a Recession.' - This effectively demonstrates the student's ability to identify and provide reasons for Country X's economic downturn.","""1. In 'Their profits are low and they are unable to pay debt and wages.', add the concept of 'aggregate demand'. Revise to: 'Their profits are low and they are unable to pay debt and wages due to a decrease in aggregate demand.' This would show a deeper understanding of the impact on the overall economy.""",9
af828d0d-1c23-43ed-8eb3-9571689900a4,9.0,"1. The student correctly identifies the economic condition of Country X as a recession. 2. The student provides three valid reasons that contribute to the economic condition, namely the Housing Market Bubble, Decreased Consumer Confidence, and Businesses' Financial Struggles. 3. The student offers a comprehensive analysis connecting their answers to economic concepts and the case study. 4. Detailed and thorough elaboration is provided for each identified reason, including examples and explanations of the impacts. 5. The response is well-structured, clear, and logically organized.","""The student could further enhance their analysis by delving deeper into the interconnectedness of the reasons provided and their impacts on each other. Additionally, it is advisable to avoid repetition in the explanation and focus on more diverse insights related to the economic downturn in Country X.""",10.0,"Quote: 'Housing Market Bubble,' 'Decreased Consumer Confidence,' 'Businesses' Financial Struggles' - This effectively demonstrates the identification of reasons for the economic condition in Country X because the student has addressed significant factors contributing to the recession.","""""",10
029802db-d08b-4f13-b327-f6734fb1c0f8,8.0,The student correctly identifies the economic condition of Country X as a recession. The answer provides three valid reasons supporting the economic condition.,"""The analysis provided lacks depth in some areas. Only minimal elaboration is given for each reason. The overall presentation could be more organized and coherent.""",8.0,"In 'Country X is experiencing the decline in economic growth and negative impacts across various sectors...', the student effectively identifies the economic condition of Country X and starts by mentioning the recession, which is a good approach to the answer.","""1. In 'Before the recession, country was experiencing the real state market bubble...', the student could further elaborate with more comprehensive analysis by connecting the impact of the housing market bubble to the concept of 'asset bubbles'. Revise to: 'Before the recession, the country was experiencing a real estate market bubble, characterized by inflated property prices and excessive mortgage lending, a classic example of an asset bubble. When interest rates rose and demand dwindled, the bubble burst, leading to a collapse in the housing market and a surge in foreclosures.' This would show a deeper understanding of how asset bubbles can trigger economic downturns.""",10
7706bcf2-377a-4855-ab35-dadfeed0f788,0.0,,"""The student's answer does not provide any reasons to support the economic condition of Country X. The response is incomplete and lacks the necessary information to address the question. There is no identification or analysis of the reasons contributing to the recession in Country X. Additionally, the answer lacks clarity and coherence as it is incomplete and lacks structure.""",0.0,,"""1. In 'Country X is going through Recession, following are the reasons:', add specific reasons. Revise to: 'Country X is going through a recession due to [specific reasons: e.g., housing market bubble, consumer confidence, dependence on neighbouring countries].' This would show a better identification of reasons.""",0
e11bebd0-dac2-42e6-8a14-80e52645ca83,7.0,"The student correctly identifies the economic condition of Country X as a recession and provides three valid reasons to support the answer. The answer is well-structured, clear, and logically organized, making it easy to understand.","""The analysis could have been more comprehensive and insightful, connecting the reasons provided to economic concepts and the case study. Some areas lack detailed elaboration on how each identified reason affects the economic condition with specific examples or data.""",9.0,Quote: 'The Economic Condition of the Country given above is Recession.' - This effectively demonstrates that the student correctly identifies the economic condition.,"""1. In 'Due to inflation people think that they won't have enough money for normal stuffs and because of this fear consumer's confidence is dropped...' - Add mention of 'income uncertainty'. Revise to: 'Due to inflation and income uncertainty, people think they won't have enough money for normal items, leading to a drop in consumer confidence...' This would show a deeper understanding of how uncertainty impacts consumer behavior.""",9
